{"Text":"Screeching","Color":{"r":0.9520000219345093,"g":0.0860000029206276,"b":0.23899999260902406,"a":1.0},"TimeOnScreen":4.5}