{"Text":"Flickering","Color":{"r":1.0,"g":0.9369999766349793,"b":0.5410000085830689,"a":1.0},"TimeOnScreen":3.0}